recruitment_year,company_name,company_master_id,deadline_type,label,deadline_date,deadline_time,memo,source_url
2027,マッキンゼー・アンド・カンパニー,68e30831-dbac-4a23-82d0-7a63d29570c1,es_submission,夏選考 本応募ES締切,2025-05-14,,夏選考,https://gaishishukatsu.com/recruiting_info/view/11726
2027,マッキンゼー・アンド・カンパニー,68e30831-dbac-4a23-82d0-7a63d29570c1,es_submission,冬選考 本応募ES締切,2025-09-30,,冬選考（9月予定）,https://gaishishukatsu.com/archives/ce9d0c5659eb40f2a14257d06165c503
2027,JPモルガン,18a77358-f17a-4fb0-aa5c-83cda2d84b45,es_submission,投資銀行/決済/マーケッツ等 応募締切,2025-10-30,23:59,IBD/決済事業本部/コーポレートバンキング/マーケッツ,https://gaishishukatsu.com/recruiting_info/view/12935
2027,JPモルガン,18a77358-f17a-4fb0-aa5c-83cda2d84b45,es_submission,アセットマネジメント/CADP 応募締切,2025-11-27,23:59,,https://gaishishukatsu.com/recruiting_info/view/12935
2027,モルガン・スタンレー,3ae382f0-8a1c-498f-955d-508d17041157,es_submission,本選考ES締切,2025-11-07,,国内大学新卒採用,https://gaishishukatsu.com/company/16/selection
2027,ゴールドマン・サックス,1296cf4c-6795-45a1-a26e-cb642d5696a3,es_submission,本選考ES締切,2025-11-30,,推定（例年11月頃）,https://gaishishukatsu.com/archives/6d8b36257900434a8bb28607a1cd3fbd
2027,サイバーエージェント,96fb529c-86c8-4d40-8a48-f52dba43c9ff,es_submission,ビジネスコース本選考,2026-02-01,,ビジネスコース,https://www.recme.jp/media/2022090112614
2027,SmartHR,513120a4-c230-45c0-a5d8-947a9bfad0d1,es_submission,ビジネス職エントリー,2026-01-31,,ビジネス職,https://www.recme.jp/media/2022090112614
2027,丸紅,22ecb6b3-003c-4f06-9ed9-b9f970da7b4d,es_submission,Career Vision採用 応募受付,2026-01-31,,,https://www.recme.jp/media/2022090112614
2027,KPMGコンサルティング,fc8cf5a6-75b2-4e18-8e82-7ebd197c3e6a,es_submission,冬選考 本選考エントリー,2026-01-31,,,https://www.recme.jp/media/2022090112614
2027,PwCコンサルティング,281a2d08-82d8-492f-9373-7748d9479b50,es_submission,ビジネスコンサルタント海外選考ES,2026-02-08,23:59,,https://internshipguide.jp/columns/view/shukatsu_calendar/27
2027,キーエンス,69d9e88f-eab5-4a5e-9b36-5f0610438dd3,es_submission,SCM職第二タームES・適性検査,2026-02-08,23:59,,https://internshipguide.jp/columns/view/shukatsu_calendar/27
2027,野村総合研究所,cfad2545-5493-4279-bd90-bd727970ce09,es_submission,総合職 第1次ES締切,2026-03-05,,,https://www.recme.jp/media/2022122613334
2027,野村総合研究所,cfad2545-5493-4279-bd90-bd727970ce09,es_submission,エリア総合職 第1次ES締切,2026-03-05,,,https://www.recme.jp/media/2022122613334
2027,野村総合研究所,cfad2545-5493-4279-bd90-bd727970ce09,es_submission,総合職 第2次ES締切,2026-04-16,,,https://www.recme.jp/media/2022122613334
2027,トヨタ自動車,fd8a8a76-8050-4ef2-8b87-32b6b54a7eb8,es_submission,技術職ES締切,2026-03-09,,,https://shukatsu-ichiba.com/article/16609
2027,トヨタ自動車,fd8a8a76-8050-4ef2-8b87-32b6b54a7eb8,es_submission,事務職ES締切,2026-03-11,,,https://shukatsu-ichiba.com/article/16609
2027,本田技研工業,14504a30-da59-45ef-9f42-1fe979096ea7,es_submission,技術系ES締切,2026-02-12,,,https://shukatsu-ichiba.com/article/16609
2027,伊藤忠商事,771bb685-9258-40c5-9da7-3d8fa203d36b,es_submission,STEP①締切,2025-07-31,23:59,,https://career.itochu.co.jp/student/information/recruit_schedule.html
2027,伊藤忠商事,771bb685-9258-40c5-9da7-3d8fa203d36b,document,STEP②締切,2025-08-07,23:59,,https://career.itochu.co.jp/student/information/recruit_schedule.html
2027,三井物産,61de322d-e3ce-4986-99fc-f63035998227,es_submission,第1期 応募締切,2026-01-08,,応募期間10/31-1/8,https://career.mitsui.com/internship/
2027,三井物産,61de322d-e3ce-4986-99fc-f63035998227,interview,第1期 1次面接,2026-01-26,,1/26週,https://career.mitsui.com/internship/
2027,任天堂,9bda5170-b5ef-413a-8a47-221bbd6416ab,es_submission,ゲーム開発/システム開発等 ES締切,2026-07-13,12:00,応募期間6/16-7/13,https://www.nintendo.co.jp/jobs/recruit/process/index.html
2027,任天堂,9bda5170-b5ef-413a-8a47-221bbd6416ab,es_submission,電気電子/メカ/生産技術 ES締切,2026-08-03,12:00,応募期間6/16-8/3,https://www.nintendo.co.jp/jobs/recruit/process/index.html
2027,任天堂,9bda5170-b5ef-413a-8a47-221bbd6416ab,es_submission,ハードウェア設計 ES締切,2026-02-02,12:00,応募期間12/19-2/2,https://www.nintendo.co.jp/jobs/recruit/process/index.html
2027,任天堂,9bda5170-b5ef-413a-8a47-221bbd6416ab,es_submission,アートワーク/ソフトウェアデザイン ES締切,2026-03-19,12:00,応募期間2/25-3/19,https://www.nintendo.co.jp/jobs/recruit/process/index.html
2027,アクセンチュア,2da3f1ab-b36e-4c2b-a985-27bb757748ea,es_submission,本選考ES締切,2026-03-31,,例年3月頃（要確認）,https://gaishishukatsu.com/archives/f962577f77914113af0a9d4eb3868ebd
2027,デロイト トーマツ コンサルティング,04e1c644-d3d1-48af-bf30-8fd3d8d18e68,es_submission,本選考ES締切,2026-02-28,,例年2-3月頃（要確認）,https://reashu.com/deloitte-intern/
2027,三菱商事,e13a781c-bdf5-4d09-88f8-d8c463d32661,es_submission,本選考ES締切,2026-03-31,,例年3月頃（日程未発表）,https://gaishishukatsu.com/archives/19b3987f27224d5f9c151830e0dff9c1
2027,住友商事,8912a02a-9090-48c3-90ec-b4e7d4ea4fc1,es_submission,本選考ES締切,2026-03-31,,例年3月頃（要確認）,https://gaishishukatsu.com/archives/19b3987f27224d5f9c151830e0dff9c1
2027,ソニーグループ,92a5df83-10ab-4f60-aa55-0be01c3ab40a,es_submission,本選考ES締切,2026-03-15,,例年3月頃（要確認）,https://www.onecareer.jp/events/selection/graduate_year/2027
2027,日立製作所,277b5717-632e-4634-9bcf-896a394ceffe,es_submission,本選考ES締切,2026-03-31,,例年3月頃（要確認）,https://reashu.com/hitashi-ointernship/
2027,富士通,087e91cf-65b3-45b8-ae07-4f60646c9204,es_submission,本選考ES締切,2026-03-31,,例年3月頃（要確認）,https://www.onecareer.jp/events/selection/graduate_year/2027
2027,NEC,9425c79b-6b54-4ca4-b477-cda6f85cc996,es_submission,本選考ES締切,2026-03-31,,例年3月頃（要確認）,https://unistyleinc.com/companies/209/eventslist
2027,NTTデータ,a1eb304d-c16a-440e-9e8c-33e738438a4d,es_submission,本選考ES締切,2026-03-31,,例年3月頃（要確認）,https://reashu.com/nttdata-internship/
2027,電通,f6a42234-c0e4-4d6d-8131-a1c7b47fc660,es_submission,本選考ES締切,2026-03-31,,例年3月頃（要確認）,https://www.recme.jp/media/2022122613334
2027,博報堂,17bfb3b3-c0e3-4e08-bbd1-13e1f89c5651,es_submission,本選考ES締切,2026-03-31,,例年3月頃（要確認）,https://www.recme.jp/media/2022122613334
2027,リクルート,d0215411-db64-4d17-b3a0-3dc75d3a8c95,es_submission,本選考ES締切,2026-03-31,,例年3月頃（要確認）,https://www.onecareer.jp/events/selection/graduate_year/2027
2027,楽天グループ,10c1346a-8995-4b08-aa3c-deb8d7f42abf,es_submission,本選考ES締切,2026-03-31,,通年採用（要確認）,https://www.onecareer.jp/events/selection/graduate_year/2027
2027,三菱UFJ銀行,4ae4e97b-1485-4174-8e0c-71c30e50d9e9,es_submission,本選考ES締切,2026-03-31,,例年3月頃（要確認）,https://www.recme.jp/media/2022122613334
2027,三井住友銀行,0504db99-dee6-4d0e-ade1-9d1499e605d0,es_submission,本選考ES締切,2026-03-31,,例年3月頃（要確認）,https://www.recme.jp/media/2022122613334
2027,ボストン コンサルティング グループ,cf507d45-a93f-4af4-805b-57bb8e845c1d,es_submission,メイン選考ES締切,2025-09-30,,7-10月頃（要確認）,https://gaishishukatsu.com/archives/ce9d0c5659eb40f2a14257d06165c503
2027,ベイン・アンド・カンパニー,4670a46d-b4e7-413c-864b-aafddcdb0143,es_submission,早期選考ES締切,2025-04-30,,4月頃（要確認）,https://gaishishukatsu.com/archives/ce9d0c5659eb40f2a14257d06165c503
2027,EYストラテジー・アンド・コンサルティング,b688051e-8524-45ef-b2d7-2ec050dd707a,es_submission,本選考ES締切,2026-02-28,,例年2-3月頃（要確認）,https://www.recme.jp/media/2022122613334
2027,ベイカレント・コンサルティング,29989b2f-86dc-4641-96ba-8eb3e438e460,es_submission,本選考ES締切,2026-02-28,,例年2-3月頃（要確認）,https://www.recme.jp/media/2022122613334
2027,アビームコンサルティング,c209c625-1338-48b6-9a64-16da2228a443,es_submission,本選考ES締切,2026-02-28,,例年2-3月頃（要確認）,https://www.recme.jp/media/2022122613334
2027,P&Gジャパン,f6c549eb-6fae-4da9-bf89-0c34ab79764d,es_submission,本選考ES締切,2025-10-31,,例年10月頃（要確認）,https://www.onecareer.jp/events/selection/graduate_year/2027
2027,メルカリ,bd8d3f31-0580-4b3c-b915-4183573908d8,es_submission,本選考ES締切,2026-03-31,,通年採用（要確認）,https://www.onecareer.jp/events/selection/graduate_year/2027
2027,DeNA,a45fd568-a9a4-4475-b9dc-ca4ac2373e3f,es_submission,本選考ES締切,2025-10-31,,早期選考9月末/本選考10月以降,https://student.dena.com/
